{
	"data": {
		"6c51931a-19b1-46a5-bfc9-b4bad4214440": {
			"revs": 6.6765714289375175,
			"upgrades": {
				"autoMove": 2,
				"decreaseDeceleration": 2,
				"clickStrength": 2
			}
		},
		"8bea3320-0cd6-461e-9ace-9e5c3956971b": {
			"revs": 18.32621444905903,
			"upgrades": {
				"autoMove": 5,
				"decreaseDeceleration": 4,
				"clickStrength": 4
			}
		}
	}
}